Year,Country,Name,Season,Medals_Won
1896,AUS,Australia,Summer,3
1896,AUT,Austria,Summer,5
1896,DEN,Denmark,Summer,6
1896,FRA,France,Summer,11
1896,GBR,Great Britain,Summer,9
1896,GER,Germany,Summer,32
1896,GRE,Greece,Summer,48
1896,HUN,Hungary,Summer,6
1896,SUI,Switzerland,Summer,3
1896,USA,United States,Summer,20
1900,AUS,Australia,Summer,6
1900,AUT,Austria,Summer,6
1900,BEL,Belgium,Summer,43
1900,BOH,Bohemia,Summer,3
1900,CAN,Canada,Summer,2
1900,COL,Colombia,Summer,1
1900,CUB,Cuba,Summer,2
1900,DEN,Denmark,Summer,9
1900,ESP,Spain,Summer,2
1900,FRA,France,Summer,235
1900,GBR,Great Britain,Summer,108
1900,GER,Germany,Summer,45
1900,HAI,Haiti,Summer,1
1900,HUN,Hungary,Summer,5
1900,IND,India,Summer,2
1900,ITA,Italy,Summer,5
1900,LUX,Luxembourg,Summer,1
1900,MEX,Mexico,Summer,3
1900,NED,Netherlands,Summer,27
1900,NOR,Norway,Summer,9
1900,NZL,New Zealand,Summer,1
1900,SUI,Switzerland,Summer,21
1900,SWE,Sweden,Summer,4
1900,USA,United States,Summer,63
1904,AUS,Australia,Summer,4
1904,AUT,Austria,Summer,4
1904,CAN,Canada,Summer,48
1904,CUB,Cuba,Summer,5
1904,FRA,France,Summer,2
1904,GBR,Great Britain,Summer,2
1904,GER,Germany,Summer,16
1904,GRE,Greece,Summer,2
1904,HUN,Hungary,Summer,4
1904,NOR,Norway,Summer,2
1904,SUI,Switzerland,Summer,3
1904,USA,United States,Summer,394
1906,AUS,Australia,Summer,3
1906,AUT,Austria,Summer,9
1906,BEL,Belgium,Summer,11
1906,BOH,Bohemia,Summer,3
1906,CAN,Canada,Summer,2
1906,DEN,Denmark,Summer,34
1906,FIN,Finland,Summer,4
1906,FRA,France,Summer,64
1906,GBR,Great Britain,Summer,39
1906,GER,Germany,Summer,30
1906,GRE,Greece,Summer,102
1906,HUN,Hungary,Summer,13
1906,ITA,Italy,Summer,56
1906,NED,Netherlands,Summer,6
1906,NOR,Norway,Summer,25
1906,SUI,Switzerland,Summer,12
1906,SWE,Sweden,Summer,21
1906,USA,United States,Summer,24
1908,ANZ,Austria,Summer,19
1908,AUT,Austria,Summer,1
1908,BEL,Belgium,Summer,33
1908,BOH,Bohemia,Summer,6
1908,CAN,Canada,Summer,52
1908,DEN,Denmark,Summer,17
1908,FIN,Finland,Summer,30
1908,FRA,France,Summer,40
1908,GBR,Great Britain,Summer,368
1908,GER,Germany,Summer,21
1908,GRE,Greece,Summer,4
1908,HUN,Hungary,Summer,20
1908,ITA,Italy,Summer,8
1908,NED,Netherlands,Summer,16
1908,NOR,Norway,Summer,42
1908,RSA,South Africa,Summer,2
1908,RUS,Russia,Summer,3
1908,SWE,Sweden,Summer,84
1908,USA,United States,Summer,65
1912,ANZ,Austria,Summer,10
1912,AUT,Austria,Summer,14
1912,BEL,Belgium,Summer,19
1912,CAN,Canada,Summer,8
1912,DEN,Denmark,Summer,87
1912,FIN,Finland,Summer,71
1912,FRA,France,Summer,26
1912,GBR,Great Britain,Summer,170
1912,GER,Germany,Summer,53
1912,GRE,Greece,Summer,2
1912,HUN,Hungary,Summer,30
1912,ITA,Italy,Summer,25
1912,NED,Netherlands,Summer,26
1912,NOR,Norway,Summer,80
1912,RSA,South Africa,Summer,7
1912,RUS,Russia,Summer,14
1912,SUI,Switzerland,Summer,2
1912,SWE,Sweden,Summer,190
1912,USA,United States,Summer,107
1920,AUS,Australia,Summer,7
1920,BEL,Belgium,Summer,188
1920,BRA,Brazil,Summer,7
1920,CAN,Canada,Summer,16
1920,DEN,Denmark,Summer,71
1920,ESP,Spain,Summer,23
1920,EST,Estonia,Summer,3
1920,FIN,Finland,Summer,52
1920,FRA,France,Summer,141
1920,GBR,Great Britain,Summer,111
1920,GRE,Greece,Summer,5
1920,ITA,Italy,Summer,84
1920,JPN,Japan,Summer,3
1920,LUX,Luxembourg,Summer,1
1920,NED,Netherlands,Summer,50
1920,NOR,Norway,Summer,137
1920,NZL,New Zealand,Summer,1
1920,RSA,South Africa,Summer,21
1920,SUI,Switzerland,Summer,29
1920,SWE,Sweden,Summer,154
1920,TCH,Czechoslovakia,Summer,10
1920,USA,United States,Summer,194
1924,ARG,Argentina,Summer,10
1924,AUS,Australia,Summer,10
1924,AUS,Australia,Winter,1
1924,AUT,Austria,Summer,4
1924,AUT,Austria,Winter,4
1924,BEL,Belgium,Summer,39
1924,BEL,Belgium,Winter,5
1924,CAN,Canada,Summer,20
1924,CAN,Canada,Winter,9
1924,DEN,Denmark,Summer,14
1924,EST,Estonia,Summer,6
1924,FIN,Finland,Summer,52
1924,FIN,Finland,Winter,15
1924,FRA,France,Summer,110
1924,FRA,France,Winter,10
1924,GBR,Great Britain,Summer,64
1924,GBR,Great Britain,Winter,31
1924,GRE,Greece,Summer,1
1924,HAI,Haiti,Summer,5
1924,HUN,Hungary,Summer,22
1924,IND,India,Winter,7
1924,IRL,Ireland,Summer,2
1924,ITA,Italy,Summer,51
1924,JPN,Japan,Summer,1
1924,LUX,Luxembourg,Summer,2
1924,MON,Monaco,Summer,1
1924,NED,Netherlands,Summer,27
1924,NEP,Nepal,Winter,1
1924,NOR,Norway,Summer,22
1924,NOR,Norway,Winter,17
1924,NZL,New Zealand,Summer,1
1924,POL,Poland,Summer,5
1924,POR,Portugal,Summer,4
1924,ROU,Romania,Summer,16
1924,RSA,South Africa,Summer,3
1924,SUI,Switzerland,Summer,60
1924,SUI,Switzerland,Winter,9
1924,SWE,Sweden,Summer,72
1924,SWE,Sweden,Winter,9
1924,TCH,Czechoslovakia,Summer,10
1924,URU,Uruguay,Summer,14
1924,USA,United States,Summer,182
1924,USA,United States,Winter,12
1924,YUG,Yugoslavia,Summer,2
1928,ARG,Argentina,Summer,26
1928,AUS,Australia,Summer,4
1928,AUT,Austria,Summer,5
1928,AUT,Austria,Winter,6
1928,BEL,Belgium,Summer,5
1928,BEL,Belgium,Winter,1
1928,CAN,Canada,Summer,33
1928,CAN,Canada,Winter,12
1928,CHI,Chile,Summer,1
1928,DEN,Denmark,Summer,15
1928,EGY,Egypt,Summer,4
1928,ESP,Spain,Summer,3
1928,EST,Estonia,Summer,9
1928,FIN,Finland,Summer,25
1928,FIN,Finland,Winter,4
1928,FRA,France,Summer,50
1928,FRA,France,Winter,2
1928,GBR,Great Britain,Summer,58
1928,GBR,Great Britain,Winter,1
1928,GER,Germany,Summer,77
1928,GER,Germany,Winter,5
1928,HAI,Haiti,Summer,1
1928,HUN,Hungary,Summer,21
1928,IND,India,Summer,14
1928,IRL,Ireland,Summer,1
1928,ITA,Italy,Summer,72
1928,JPN,Japan,Summer,9
1928,LUX,Luxembourg,Summer,1
1928,NED,Netherlands,Summer,57
1928,NOR,Norway,Summer,9
1928,NOR,Norway,Winter,15
1928,NZL,New Zealand,Summer,1
1928,PHI,Philippines,Summer,1
1928,POL,Poland,Summer,20
1928,POR,Portugal,Summer,6
1928,RSA,South Africa,Summer,6
1928,SUI,Switzerland,Summer,30
1928,SUI,Switzerland,Winter,12
1928,SWE,Sweden,Summer,37
1928,SWE,Sweden,Winter,16
1928,TCH,Czechoslovakia,Summer,16
1928,TCH,Czechoslovakia,Winter,1
1928,URU,Uruguay,Summer,17
1928,USA,United States,Summer,88
1928,USA,United States,Winter,14
1928,YUG,Yugoslavia,Summer,12
1932,ARG,Argentina,Summer,4
1932,AUS,Australia,Summer,5
1932,AUT,Austria,Summer,5
1932,AUT,Austria,Winter,2
1932,BEL,Belgium,Summer,1
1932,CAN,Canada,Summer,39
1932,CAN,Canada,Winter,20
1932,DEN,Denmark,Summer,11
1932,ESP,Spain,Summer,1
1932,FIN,Finland,Summer,29
1932,FIN,Finland,Winter,3
1932,FRA,France,Summer,40
1932,FRA,France,Winter,2
1932,GBR,Great Britain,Summer,35
1932,GER,Germany,Summer,43
1932,GER,Germany,Winter,14
1932,HUN,Hungary,Summer,33
1932,HUN,Hungary,Winter,2
1932,IND,India,Summer,15
1932,IRL,Ireland,Summer,2
1932,ITA,Italy,Summer,77
1932,JPN,Japan,Summer,31
1932,LAT,Latvia,Summer,1
1932,MEX,Mexico,Summer,2
1932,NED,Netherlands,Summer,13
1932,NOR,Norway,Winter,10
1932,NZL,New Zealand,Summer,2
1932,PHI,Philippines,Summer,3
1932,POL,Poland,Summer,21
1932,RSA,South Africa,Summer,5
1932,SUI,Switzerland,Summer,1
1932,SUI,Switzerland,Winter,2
1932,SWE,Sweden,Summer,32
1932,SWE,Sweden,Winter,3
1932,TCH,Czechoslovakia,Summer,6
1932,URU,Uruguay,Summer,1
1932,USA,United States,Summer,189
1932,USA,United States,Winter,34
1936,ARG,Argentina,Summer,11
1936,AUS,Australia,Summer,1
1936,AUT,Austria,Summer,55
1936,AUT,Austria,Winter,5
1936,BEL,Belgium,Summer,14
1936,CAN,Canada,Summer,22
1936,CAN,Canada,Winter,13
1936,DEN,Denmark,Summer,6
1936,EGY,Egypt,Summer,5
1936,EST,Estonia,Summer,7
1936,FIN,Finland,Summer,27
1936,FIN,Finland,Winter,9
1936,FRA,France,Summer,44
1936,FRA,France,Winter,1
1936,GBR,Great Britain,Summer,36
1936,GBR,Great Britain,Winter,17
1936,GER,Germany,Summer,224
1936,GER,Germany,Winter,7
1936,HUN,Hungary,Summer,41
1936,HUN,Hungary,Winter,2
1936,IND,India,Summer,19
1936,ITA,Italy,Summer,76
1936,JPN,Japan,Summer,23
1936,LAT,Latvia,Summer,2
1936,MEX,Mexico,Summer,16
1936,NED,Netherlands,Summer,37
1936,NOR,Norway,Summer,28
1936,NOR,Norway,Winter,18
1936,NZL,New Zealand,Summer,1
1936,PHI,Philippines,Summer,1
1936,POL,Poland,Summer,12
1936,POR,Portugal,Summer,3
1936,ROU,Romania,Summer,1
1936,RSA,South Africa,Summer,1
1936,SUI,Switzerland,Summer,52
1936,SUI,Switzerland,Winter,10
1936,SWE,Sweden,Summer,35
1936,SWE,Sweden,Winter,10
1936,TCH,Czechoslovakia,Summer,18
1936,TUR,Turkey,Summer,2
1936,USA,United States,Summer,96
1936,USA,United States,Winter,16
1936,YUG,Yugoslavia,Summer,1
1948,ARG,Argentina,Summer,11
1948,AUS,Australia,Summer,16
1948,AUT,Austria,Summer,8
1948,AUT,Austria,Winter,8
1948,BEL,Belgium,Summer,15
1948,BEL,Belgium,Winter,6
1948,BRA,Brazil,Summer,10
1948,CAN,Canada,Summer,7
1948,CAN,Canada,Winter,15
1948,CUB,Cuba,Summer,2
1948,DEN,Denmark,Summer,51
1948,EGY,Egypt,Summer,5
1948,ESP,Spain,Summer,3
1948,FIN,Finland,Summer,33
1948,FIN,Finland,Winter,9
1948,FRA,France,Summer,72
1948,FRA,France,Winter,5
1948,GBR,Great Britain,Summer,61
1948,GBR,Great Britain,Winter,2
1948,HUN,Hungary,Summer,62
1948,HUN,Hungary,Winter,2
1948,IND,India,Summer,20
1948,IRI,Iran,Summer,1
1948,IRL,Ireland,Summer,1
1948,ITA,Italy,Summer,67
1948,ITA,Italy,Winter,1
1948,JAM,Jamaica,Summer,3
1948,KOR,Korea,Summer,2
1948,MEX,Mexico,Summer,9
1948,NED,Netherlands,Summer,42
1948,NOR,Norway,Summer,18
1948,NOR,Norway,Winter,13
1948,PAN,Panama,Summer,2
1948,PER,Peru,Summer,1
1948,POL,Poland,Summer,2
1948,POR,Portugal,Summer,5
1948,PUR,Puerto Rico,Summer,1
1948,RSA,South Africa,Summer,6
1948,SRI,Sri Lanka,Summer,1
1948,SUI,Switzerland,Summer,36
1948,SUI,Switzerland,Winter,28
1948,SWE,Sweden,Summer,75
1948,SWE,Sweden,Winter,13
1948,TCH,Czechoslovakia,Summer,20
1948,TCH,Czechoslovakia,Winter,17
1948,TTO,Trinidad and Tobago,Summer,1
1948,TUR,Turkey,Summer,12
1948,URU,Uruguay,Summer,3
1948,USA,United States,Summer,152
1948,USA,United States,Winter,16
1948,YUG,Yugoslavia,Summer,16
1952,ARG,Argentina,Summer,6
1952,AUS,Australia,Summer,20
1952,AUT,Austria,Summer,3
1952,AUT,Austria,Winter,8
1952,BEL,Belgium,Summer,8
1952,BRA,Brazil,Summer,3
1952,BUL,Bulgaria,Summer,1
1952,CAN,Canada,Summer,4
1952,CAN,Canada,Winter,17
1952,CHI,Chile,Summer,4
1952,DEN,Denmark,Summer,9
1952,EGY,Egypt,Summer,1
1952,ESP,Spain,Summer,1
1952,FIN,Finland,Summer,40
1952,FIN,Finland,Winter,12
1952,FRA,France,Summer,40
1952,FRA,France,Winter,1
1952,GBR,Great Britain,Summer,31
1952,GBR,Great Britain,Winter,1
1952,GER,Germany,Summer,40
1952,GER,Germany,Winter,12
1952,HUN,Hungary,Summer,102
1952,HUN,Hungary,Winter,2
1952,IND,India,Summer,15
1952,IRI,Iran,Summer,7
1952,IRL,Ireland,Summer,1
1952,ITA,Italy,Summer,54
1952,ITA,Italy,Winter,2
1952,JAM,Jamaica,Summer,8
1952,JPN,Japan,Summer,12
1952,KOR,Korea,Summer,2
1952,LIB,Lebanon,Summer,2
1952,LUX,Luxembourg,Summer,1
1952,MEX,Mexico,Summer,1
1952,NED,Netherlands,Summer,18
1952,NED,Netherlands,Winter,3
1952,NOR,Norway,Summer,13
1952,NOR,Norway,Winter,19
1952,NZL,New Zealand,Summer,3
1952,POL,Poland,Summer,4
1952,POR,Portugal,Summer,2
1952,ROU,Romania,Summer,4
1952,RSA,South Africa,Summer,14
1952,SUI,Switzerland,Summer,33
1952,SUI,Switzerland,Winter,6
1952,SWE,Sweden,Summer,70
1952,SWE,Sweden,Winter,23
1952,TCH,Czechoslovakia,Summer,25
1952,TTO,Trinidad and Tobago,Summer,2
1952,TUR,Turkey,Summer,3
1952,URS,Soviet Union,Summer,117
1952,URU,Uruguay,Summer,14
1952,USA,United States,Summer,134
1952,USA,United States,Winter,30
1952,VEN,Venezuela,Summer,1
1952,YUG,Yugoslavia,Summer,24
1956,ARG,Argentina,Summer,2
1956,AUS,Australia,Summer,67
1956,AUT,Austria,Summer,4
1956,AUT,Austria,Winter,12
1956,BAH,Bahamas,Summer,2
1956,BEL,Belgium,Summer,2
1956,BRA,Brazil,Summer,1
1956,BUL,Bulgaria,Summer,18
1956,CAN,Canada,Summer,19
1956,CAN,Canada,Winter,20
1956,CHI,Chile,Summer,4
1956,DEN,Denmark,Summer,6
1956,FIN,Finland,Summer,26
1956,FIN,Finland,Winter,12
1956,FRA,France,Summer,33
1956,GBR,Great Britain,Summer,46
1956,GER,Germany,Summer,52
1956,GER,Germany,Winter,2
1956,GRE,Greece,Summer,1
1956,HUN,Hungary,Summer,64
1956,HUN,Hungary,Winter,2
1956,IND,India,Summer,17
1956,IRI,Iran,Summer,5
1956,IRL,Ireland,Summer,5
1956,ISL,Iceland,Summer,1
1956,ITA,Italy,Summer,47
1956,ITA,Italy,Winter,8
1956,JPN,Japan,Summer,24
1956,JPN,Japan,Winter,1
1956,KOR,Korea,Summer,2
1956,MEX,Mexico,Summer,2
1956,NOR,Norway,Summer,3
1956,NOR,Norway,Winter,4
1956,NZL,New Zealand,Summer,3
1956,PAK,Pakistan,Summer,14
1956,POL,Poland,Summer,19
1956,POL,Poland,Winter,1
1956,ROU,Romania,Summer,19
1956,RSA,South Africa,Summer,7
1956,SUI,Switzerland,Summer,3
1956,SUI,Switzerland,Winter,10
1956,SWE,Sweden,Summer,34
1956,SWE,Sweden,Winter,15
1956,TCH,Czechoslovakia,Summer,7
1956,TUR,Turkey,Summer,7
1956,URS,Soviet Union,Summer,169
1956,URS,Soviet Union,Winter,37
1956,URU,Uruguay,Summer,12
1956,USA,United States,Summer,123
1956,USA,United States,Winter,26
1956,YUG,Yugoslavia,Summer,23
1960,ARG,Argentina,Summer,4
1960,AUS,Australia,Summer,46
1960,AUT,Austria,Summer,3
1960,AUT,Austria,Winter,6
1960,BEL,Belgium,Summer,4
1960,BRA,Brazil,Summer,13
1960,BUL,Bulgaria,Summer,7
1960,CAN,Canada,Summer,9
1960,CAN,Canada,Winter,21
1960,DEN,Denmark,Summer,23
1960,ESP,Spain,Summer,14
1960,ETH,Ethiopia,Summer,1
1960,FIN,Finland,Summer,6
1960,FIN,Finland,Winter,13
1960,FRA,France,Summer,12
1960,FRA,France,Winter,3
1960,GBR,Great Britain,Summer,28
1960,GER,Germany,Summer,89
1960,GER,Germany,Winter,9
1960,GHA,Ghana,Summer,1
1960,GRE,Greece,Summer,3
1960,HUN,Hungary,Summer,66
1960,IND,India,Summer,13
1960,IRI,Iran,Summer,4
1960,IRQ,Iraq,Summer,1
1960,ITA,Italy,Summer,88
1960,ITA,Italy,Winter,1
1960,JPN,Japan,Summer,31
1960,MAR,Morocco,Summer,1
1960,MEX,Mexico,Summer,1
1960,NED,Netherlands,Summer,3
1960,NED,Netherlands,Winter,2
1960,NOR,Norway,Summer,2
1960,NOR,Norway,Winter,9
1960,NZL,New Zealand,Summer,3
1960,PAK,Pakistan,Summer,14
1960,POL,Poland,Summer,30
1960,POL,Poland,Winter,2
1960,POR,Portugal,Summer,2
1960,ROU,Romania,Summer,15
1960,RSA,South Africa,Summer,3
1960,SGP,Singapore,Summer,1
1960,SUI,Switzerland,Summer,12
1960,SUI,Switzerland,Winter,2
1960,SWE,Sweden,Summer,7
1960,SWE,Sweden,Winter,9
1960,TCH,Czechoslovakia,Summer,22
1960,TCH,Czechoslovakia,Winter,1
1960,TPE,Republic of China,Summer,1
1960,TUR,Turkey,Summer,9
1960,UAR,Egypt,Summer,2
1960,URS,Soviet Union,Summer,169
1960,URS,Soviet Union,Winter,42
1960,USA,United States,Summer,125
1960,USA,United States,Winter,27
1960,VEN,Venezuela,Summer,1
1960,WIF,Wallis and Futuna,Summer,5
1960,YUG,Yugoslavia,Summer,17
1964,ARG,Argentina,Summer,1
1964,AUS,Australia,Summer,44
1964,AUT,Austria,Winter,17
1964,BAH,Bahamas,Summer,2
1964,BEL,Belgium,Summer,3
1964,BRA,Brazil,Summer,12
1964,BUL,Bulgaria,Summer,10
1964,CAN,Canada,Summer,5
1964,CAN,Canada,Winter,7
1964,CUB,Cuba,Summer,1
1964,DEN,Denmark,Summer,12
1964,ETH,Ethiopia,Summer,1
1964,FIN,Finland,Summer,5
1964,FIN,Finland,Winter,15
1964,FRA,France,Summer,31
1964,FRA,France,Winter,7
1964,GBR,Great Britain,Summer,28
1964,GBR,Great Britain,Winter,2
1964,GER,Germany,Summer,116
1964,GER,Germany,Winter,10
1964,GHA,Ghana,Summer,1
1964,HUN,Hungary,Summer,56
1964,IND,India,Summer,15
1964,IRI,Iran,Summer,2
1964,IRL,Ireland,Summer,1
1964,ITA,Italy,Summer,51
1964,ITA,Italy,Winter,10
1964,JPN,Japan,Summer,62
1964,KEN,Kenya,Summer,1
1964,KOR,Korea,Summer,3
1964,MEX,Mexico,Summer,1
1964,NED,Netherlands,Summer,31
1964,NED,Netherlands,Winter,2
1964,NGR,Nigeria,Summer,1
1964,NOR,Norway,Winter,15
1964,NZL,New Zealand,Summer,6
1964,PAK,Pakistan,Summer,16
1964,PHI,Philippines,Summer,1
1964,POL,Poland,Summer,46
1964,PRK,North Korea,Winter,1
1964,ROU,Romania,Summer,16
1964,SUI,Switzerland,Summer,6
1964,SWE,Sweden,Summer,15
1964,SWE,Sweden,Winter,28
1964,TCH,Czechoslovakia,Summer,54
1964,TCH,Czechoslovakia,Winter,17
1964,TTO,Trinidad and Tobago,Summer,6
1964,TUN,Tunisia,Summer,2
1964,TUR,Turkey,Summer,6
1964,URS,Soviet Union,Summer,174
1964,URS,Soviet Union,Winter,47
1964,URU,Uruguay,Summer,1
1964,USA,United States,Summer,169
1964,USA,United States,Winter,8
1964,YUG,Yugoslavia,Summer,15
1968,ARG,Argentina,Summer,2
1968,AUS,Australia,Summer,51
1968,AUT,Austria,Summer,5
1968,AUT,Austria,Winter,15
1968,BEL,Belgium,Summer,3
1968,BRA,Brazil,Summer,4
1968,BUL,Bulgaria,Summer,26
1968,CAN,Canada,Summer,10
1968,CAN,Canada,Winter,20
1968,CMR,Cameroon,Summer,1
1968,CUB,Cuba,Summer,10
1968,DEN,Denmark,Summer,17
1968,ETH,Ethiopia,Summer,2
1968,FIN,Finland,Summer,4
1968,FIN,Finland,Winter,8
1968,FRA,France,Summer,27
1968,FRA,France,Winter,9
1968,FRG,Germany,Summer,51
1968,FRG,Germany,Winter,10
1968,GBR,Great Britain,Summer,19
1968,GDR,East Germany,Summer,52
1968,GDR,East Germany,Winter,6
1968,GRE,Greece,Summer,1
1968,HUN,Hungary,Summer,81
1968,IND,India,Summer,16
1968,IRI,Iran,Summer,5
1968,ITA,Italy,Summer,33
1968,ITA,Italy,Winter,8
1968,JAM,Jamaica,Summer,1
1968,JPN,Japan,Summer,63
1968,KEN,Kenya,Summer,12
1968,KOR,Korea,Summer,2
1968,MEX,Mexico,Summer,9
1968,MGL,Mongolia,Summer,4
1968,NED,Netherlands,Summer,14
1968,NED,Netherlands,Winter,9
1968,NOR,Norway,Summer,6
1968,NOR,Norway,Winter,22
1968,NZL,New Zealand,Summer,7
1968,PAK,Pakistan,Summer,13
1968,POL,Poland,Summer,37
1968,ROU,Romania,Summer,23
1968,ROU,Romania,Winter,2
1968,SUI,Switzerland,Summer,13
1968,SUI,Switzerland,Winter,9
1968,SWE,Sweden,Summer,9
1968,SWE,Sweden,Winter,16
1968,TCH,Czechoslovakia,Summer,29
1968,TCH,Czechoslovakia,Winter,21
1968,TPE,Republic of China,Summer,1
1968,TUN,Tunisia,Summer,2
1968,TUR,Turkey,Summer,2
1968,UGA,Uganda,Summer,2
1968,URS,Soviet Union,Summer,192
1968,URS,Soviet Union,Winter,37
1968,USA,United States,Summer,166
1968,USA,United States,Winter,7
1968,VEN,Venezuela,Summer,1
1968,YUG,Yugoslavia,Summer,29
1972,ARG,Argentina,Summer,1
1972,AUS,Australia,Summer,20
1972,AUT,Austria,Summer,3
1972,AUT,Austria,Winter,5
1972,BEL,Belgium,Summer,2
1972,BRA,Brazil,Summer,2
1972,BUL,Bulgaria,Summer,22
1972,CAN,Canada,Summer,11
1972,CAN,Canada,Winter,1
1972,COL,Colombia,Summer,3
1972,CUB,Cuba,Summer,22
1972,DEN,Denmark,Summer,1
1972,ESP,Spain,Summer,1
1972,ESP,Spain,Winter,1
1972,ETH,Ethiopia,Summer,2
1972,FIN,Finland,Summer,10
1972,FIN,Finland,Winter,10
1972,FRA,France,Summer,22
1972,FRA,France,Winter,3
1972,FRG,Germany,Summer,102
1972,FRG,Germany,Winter,10
1972,GBR,Great Britain,Summer,29
1972,GDR,East Germany,Summer,151
1972,GDR,East Germany,Winter,20
1972,GHA,Ghana,Summer,1
1972,GRE,Greece,Summer,2
1972,HUN,Hungary,Summer,81
1972,IND,India,Summer,14
1972,IRI,Iran,Summer,3
1972,ITA,Italy,Summer,25
1972,ITA,Italy,Winter,9
1972,JAM,Jamaica,Summer,1
1972,JPN,Japan,Summer,56
1972,JPN,Japan,Winter,3
1972,KEN,Kenya,Summer,12
1972,KOR,Korea,Summer,1
1972,LIB,Lebanon,Summer,1
1972,MEX,Mexico,Summer,1
1972,MGL,Mongolia,Summer,1
1972,NED,Netherlands,Summer,6
1972,NED,Netherlands,Winter,9
1972,NGR,Nigeria,Summer,1
1972,NIG,Nicaragua,Summer,1
1972,NOR,Norway,Summer,8
1972,NOR,Norway,Winter,17
1972,NZL,New Zealand,Summer,14
1972,PAK,Pakistan,Summer,15
1972,POL,Poland,Summer,46
1972,POL,Poland,Winter,1
1972,PRK,North Korea,Summer,15
1972,ROU,Romania,Summer,40
1972,SUI,Switzerland,Summer,8
1972,SUI,Switzerland,Winter,17
1972,SWE,Sweden,Summer,22
1972,SWE,Sweden,Winter,4
1972,TCH,Czechoslovakia,Summer,29
1972,TCH,Czechoslovakia,Winter,20
1972,TUN,Tunisia,Summer,1
1972,TUR,Turkey,Summer,1
1972,UGA,Uganda,Summer,2
1972,URS,Soviet Union,Summer,214
1972,URS,Soviet Union,Winter,45
1972,USA,United States,Summer,171
1972,USA,United States,Winter,24
1972,YUG,Yugoslavia,Summer,18
1976,AUS,Australia,Summer,23
1976,AUT,Austria,Summer,1
1976,AUT,Austria,Winter,7
1976,BEL,Belgium,Summer,9
1976,BER,Bermuda,Summer,1
1976,BRA,Brazil,Summer,3
1976,BUL,Bulgaria,Summer,39
1976,CAN,Canada,Summer,23
1976,CAN,Canada,Winter,3
1976,CUB,Cuba,Summer,24
1976,DEN,Denmark,Summer,8
1976,ESP,Spain,Summer,6
1976,FIN,Finland,Summer,6
1976,FIN,Finland,Winter,16
1976,FRA,France,Summer,20
1976,FRA,France,Winter,1
1976,FRG,Germany,Summer,78
1976,FRG,Germany,Winter,32
1976,GBR,Great Britain,Summer,32
1976,GBR,Great Britain,Winter,1
1976,GDR,East Germany,Summer,195
1976,GDR,East Germany,Winter,32
1976,HUN,Hungary,Summer,55
1976,IRI,Iran,Summer,2
1976,ITA,Italy,Summer,31
1976,ITA,Italy,Winter,4
1976,JAM,Jamaica,Summer,2
1976,JPN,Japan,Summer,41
1976,KOR,Korea,Summer,17
1976,LIE,Liechtenstein,Winter,2
1976,MEX,Mexico,Summer,2
1976,MGL,Mongolia,Summer,1
1976,NED,Netherlands,Summer,14
1976,NED,Netherlands,Winter,6
1976,NOR,Norway,Summer,6
1976,NOR,Norway,Winter,10
1976,NZL,New Zealand,Summer,25
1976,PAK,Pakistan,Summer,16
1976,POL,Poland,Summer,73
1976,POR,Portugal,Summer,2
1976,PRK,North Korea,Summer,2
1976,PUR,Puerto Rico,Summer,1
1976,ROU,Romania,Summer,55
1976,SUI,Switzerland,Summer,10
1976,SUI,Switzerland,Winter,9
1976,SWE,Sweden,Summer,10
1976,SWE,Sweden,Winter,2
1976,TCH,Czechoslovakia,Summer,15
1976,TCH,Czechoslovakia,Winter,19
1976,THA,Thailand,Summer,1
1976,TTO,Trinidad and Tobago,Summer,1
1976,URS,Soviet Union,Summer,286
1976,URS,Soviet Union,Winter,56
1976,USA,United States,Summer,164
1976,USA,United States,Winter,11
1976,VEN,Venezuela,Summer,1
1976,YUG,Yugoslavia,Summer,19
1980,AUS,Australia,Summer,13
1980,AUT,Austria,Summer,5
1980,AUT,Austria,Winter,8
1980,BEL,Belgium,Summer,1
1980,BRA,Brazil,Summer,9
1980,BUL,Bulgaria,Summer,90
1980,BUL,Bulgaria,Winter,1
1980,CAN,Canada,Winter,2
1980,CUB,Cuba,Summer,20
1980,DEN,Denmark,Summer,8
1980,ESP,Spain,Summer,24
1980,ETH,Ethiopia,Summer,4
1980,FIN,Finland,Summer,9
1980,FIN,Finland,Winter,12
1980,FRA,France,Summer,29
1980,FRA,France,Winter,1
1980,FRG,Germany,Winter,8
1980,GBR,Great Britain,Summer,47
1980,GBR,Great Britain,Winter,1
1980,GDR,East Germany,Summer,264
1980,GDR,East Germany,Winter,39
1980,GRE,Greece,Summer,5
1980,GUY,Guyana,Summer,1
1980,HUN,Hungary,Summer,61
1980,HUN,Hungary,Winter,2
1980,IND,India,Summer,16
1980,IRL,Ireland,Summer,3
1980,ITA,Italy,Summer,37
1980,ITA,Italy,Winter,3
1980,JAM,Jamaica,Summer,3
1980,JPN,Japan,Winter,1
1980,LIB,Lebanon,Summer,1
1980,LIE,Liechtenstein,Winter,4
1980,MEX,Mexico,Summer,10
1980,MGL,Mongolia,Summer,4
1980,NED,Netherlands,Summer,6
1980,NED,Netherlands,Winter,4
1980,NOR,Norway,Winter,15
1980,POL,Poland,Summer,50
1980,PRK,North Korea,Summer,5
1980,ROU,Romania,Summer,68
1980,SUI,Switzerland,Summer,2
1980,SUI,Switzerland,Winter,9
1980,SWE,Sweden,Summer,20
1980,SWE,Sweden,Winter,23
1980,TAN,Tanzania,Summer,2
1980,TCH,Czechoslovakia,Summer,51
1980,TCH,Czechoslovakia,Winter,1
1980,UGA,Uganda,Summer,1
1980,URS,Soviet Union,Summer,442
1980,URS,Soviet Union,Winter,54
1980,USA,United States,Winter,30
1980,VEN,Venezuela,Summer,1
1980,YUG,Yugoslavia,Summer,57
1980,ZIM,Zimbabwe,Summer,15
1984,ALG,Algeria,Summer,2
1984,AUS,Australia,Summer,52
1984,AUT,Austria,Summer,3
1984,AUT,Austria,Winter,1
1984,BEL,Belgium,Summer,5
1984,BRA,Brazil,Summer,36
1984,CAN,Canada,Summer,87
1984,CAN,Canada,Winter,4
1984,CHN,China,Summer,74
1984,CIV,Côte d'Ivoire,Summer,1
1984,CMR,Cameroon,Summer,1
1984,COL,Colombia,Summer,1
1984,DEN,Denmark,Summer,13
1984,DOM,Dominican Republic,Summer,1
1984,EGY,Egypt,Summer,1
1984,ESP,Spain,Summer,19
1984,FIN,Finland,Summer,12
1984,FIN,Finland,Winter,19
1984,FRA,France,Summer,67
1984,FRA,France,Winter,3
1984,FRG,Germany,Summer,158
1984,FRG,Germany,Winter,8
1984,GBR,Great Britain,Summer,71
1984,GBR,Great Britain,Winter,2
1984,GDR,East Germany,Winter,33
1984,GRE,Greece,Summer,2
1984,IRL,Ireland,Summer,1
1984,ISL,Iceland,Summer,1
1984,ITA,Italy,Summer,63
1984,ITA,Italy,Winter,2
1984,JAM,Jamaica,Summer,7
1984,JPN,Japan,Summer,49
1984,JPN,Japan,Winter,1
1984,KEN,Kenya,Summer,3
1984,KOR,Korea,Summer,41
1984,LIE,Liechtenstein,Winter,2
1984,MAR,Morocco,Summer,2
1984,MEX,Mexico,Summer,6
1984,NED,Netherlands,Summer,41
1984,NGR,Nigeria,Summer,5
1984,NOR,Norway,Summer,4
1984,NOR,Norway,Winter,15
1984,NZL,New Zealand,Summer,23
1984,PAK,Pakistan,Summer,16
1984,PER,Peru,Summer,1
1984,POR,Portugal,Summer,3
1984,PUR,Puerto Rico,Summer,2
1984,ROU,Romania,Summer,106
1984,SUI,Switzerland,Summer,13
1984,SUI,Switzerland,Winter,8
1984,SWE,Sweden,Summer,34
1984,SWE,Sweden,Winter,30
1984,SYR,Syrian Arab Republic,Summer,1
1984,TCH,Czechoslovakia,Winter,28
1984,THA,Thailand,Summer,1
1984,TPE,Republic of China,Summer,1
1984,TUR,Turkey,Summer,3
1984,URS,Soviet Union,Winter,56
1984,USA,United States,Summer,352
1984,USA,United States,Winter,9
1984,VEN,Venezuela,Summer,3
1984,YUG,Yugoslavia,Summer,87
1984,YUG,Yugoslavia,Winter,1
1984,ZAM,Zambia,Summer,1
1988,AHO,Netherlands Antilles,Summer,1
1988,ARG,Argentina,Summer,13
1988,AUS,Australia,Summer,35
1988,AUT,Austria,Summer,1
1988,AUT,Austria,Winter,12
1988,BEL,Belgium,Summer,2
1988,BRA,Brazil,Summer,23
1988,BUL,Bulgaria,Summer,41
1988,CAN,Canada,Summer,23
1988,CAN,Canada,Winter,6
1988,CHI,Chile,Summer,1
1988,CHN,China,Summer,52
1988,COL,Colombia,Summer,1
1988,CRC,Costa Rica,Summer,1
1988,DEN,Denmark,Summer,7
1988,DJI,Djibouti,Summer,1
1988,ESP,Spain,Summer,5
1988,FIN,Finland,Summer,4
1988,FIN,Finland,Winter,34
1988,FRA,France,Summer,29
1988,FRA,France,Winter,2
1988,FRG,Germany,Summer,115
1988,FRG,Germany,Winter,14
1988,GBR,Great Britain,Summer,54
1988,GDR,East Germany,Summer,181
1988,GDR,East Germany,Winter,32
1988,GRE,Greece,Summer,1
1988,HUN,Hungary,Summer,44
1988,INA,Indonesia,Summer,3
1988,IRI,Iran,Summer,1
1988,ISV,Virgin Islands,Summer,1
1988,ITA,Italy,Summer,29
1988,ITA,Italy,Winter,8
1988,JAM,Jamaica,Summer,7
1988,JPN,Japan,Summer,20
1988,JPN,Japan,Winter,1
1988,KEN,Kenya,Summer,9
1988,KOR,Korea,Summer,77
1988,LIE,Liechtenstein,Winter,1
1988,MAR,Morocco,Summer,3
1988,MEX,Mexico,Summer,2
1988,MGL,Mongolia,Summer,1
1988,NED,Netherlands,Summer,45
1988,NED,Netherlands,Winter,7
1988,NOR,Norway,Summer,22
1988,NOR,Norway,Winter,11
1988,NZL,New Zealand,Summer,24
1988,PAK,Pakistan,Summer,1
1988,PER,Peru,Summer,12
1988,PHI,Philippines,Summer,1
1988,POL,Poland,Summer,21
1988,POR,Portugal,Summer,1
1988,ROU,Romania,Summer,58
1988,SEN,Senegal,Summer,1
1988,SUI,Switzerland,Summer,8
1988,SUI,Switzerland,Winter,20
1988,SUR,Suriname,Summer,1
1988,SWE,Sweden,Summer,16
1988,SWE,Sweden,Winter,30
1988,TCH,Czechoslovakia,Summer,10
1988,TCH,Czechoslovakia,Winter,6
1988,THA,Thailand,Summer,1
1988,TUR,Turkey,Summer,2
1988,URS,Soviet Union,Summer,300
1988,URS,Soviet Union,Winter,66
1988,USA,United States,Summer,207
1988,USA,United States,Winter,7
1988,YUG,Yugoslavia,Summer,63
1988,YUG,Yugoslavia,Winter,6
1992,ALG,Algeria,Summer,2
1992,ARG,Argentina,Summer,2
1992,AUS,Australia,Summer,57
1992,AUT,Austria,Summer,6
1992,AUT,Austria,Winter,29
1992,BAH,Bahamas,Summer,1
1992,BEL,Belgium,Summer,3
1992,BRA,Brazil,Summer,14
1992,BUL,Bulgaria,Summer,17
1992,CAN,Canada,Summer,44
1992,CAN,Canada,Winter,36
1992,CHN,China,Summer,82
1992,CHN,China,Winter,3
1992,COL,Colombia,Summer,1
1992,CRO,Croatia,Summer,15
1992,CUB,Cuba,Summer,69
1992,DEN,Denmark,Summer,14
1992,ESP,Spain,Summer,69
1992,ESP,Spain,Winter,1
1992,EST,Estonia,Summer,3
1992,ETH,Ethiopia,Summer,3
1992,EUN,Unified Team,Summer,220
1992,EUN,Unified Team,Winter,59
1992,FIN,Finland,Summer,7
1992,FIN,Finland,Winter,13
1992,FRA,France,Summer,57
1992,FRA,France,Winter,12
1992,GBR,Great Britain,Summer,50
1992,GER,Germany,Summer,198
1992,GER,Germany,Winter,38
1992,GHA,Ghana,Summer,20
1992,GRE,Greece,Summer,2
1992,HUN,Hungary,Summer,45
1992,INA,Indonesia,Summer,6
1992,IOA,Individual,Summer,3
1992,IRI,Iran,Summer,3
1992,IRL,Ireland,Summer,2
1992,ISR,Israel,Summer,2
1992,ITA,Italy,Summer,45
1992,ITA,Italy,Winter,21
1992,JAM,Jamaica,Summer,4
1992,JPN,Japan,Summer,47
1992,JPN,Japan,Winter,12
1992,KEN,Kenya,Summer,8
1992,KOR,Korea,Summer,49
1992,KOR,Korea,Winter,7
1992,LAT,Latvia,Summer,3
1992,LTU,Lithuania,Summer,13
1992,LUX,Luxembourg,Winter,2
1992,MAR,Morocco,Summer,3
1992,MAS,Malaysia,Summer,2
1992,MEX,Mexico,Summer,1
1992,MGL,Mongolia,Summer,2
1992,NAM,Namibia,Summer,2
1992,NED,Netherlands,Summer,33
1992,NED,Netherlands,Winter,4
1992,NGR,Nigeria,Summer,11
1992,NOR,Norway,Summer,23
1992,NOR,Norway,Winter,24
1992,NZL,New Zealand,Summer,15
1992,NZL,New Zealand,Winter,1
1992,PAK,Pakistan,Summer,16
1992,PER,Peru,Summer,1
1992,PHI,Philippines,Summer,1
1992,POL,Poland,Summer,46
1992,PRK,North Korea,Summer,10
1992,PRK,North Korea,Winter,1
1992,PUR,Puerto Rico,Summer,1
1992,QAT,Qatar,Summer,1
1992,ROU,Romania,Summer,53
1992,RSA,South Africa,Summer,3
1992,SLO,Slovenia,Summer,6
1992,SUI,Switzerland,Summer,1
1992,SUI,Switzerland,Winter,7
1992,SUR,Suriname,Summer,1
1992,SWE,Sweden,Summer,35
1992,SWE,Sweden,Winter,7
1992,TCH,Czechoslovakia,Summer,8
1992,TCH,Czechoslovakia,Winter,27
1992,THA,Thailand,Summer,1
1992,TPE,Republic of China,Summer,20
1992,TUR,Turkey,Summer,6
1992,USA,United States,Summer,224
1992,USA,United States,Winter,14
1994,AUS,Australia,Winter,4
1994,AUT,Austria,Winter,12
1994,BLR,Belarus,Winter,2
1994,CAN,Canada,Winter,37
1994,CHN,China,Winter,3
1994,FIN,Finland,Winter,30
1994,FRA,France,Winter,11
1994,GBR,Great Britain,Winter,3
1994,GER,Germany,Winter,40
1994,ITA,Italy,Winter,32
1994,JPN,Japan,Winter,10
1994,KAZ,Kazakhstan,Winter,3
1994,KOR,Korea,Winter,9
1994,NED,Netherlands,Winter,4
1994,NOR,Norway,Winter,30
1994,RUS,Russia,Winter,36
1994,SLO,Slovenia,Winter,3
1994,SUI,Switzerland,Winter,16
1994,SWE,Sweden,Winter,24
1994,UKR,Ukraine,Winter,2
1994,USA,United States,Winter,19
1994,UZB,Uzbekistan,Winter,1
1996,ALG,Algeria,Summer,3
1996,ARG,Argentina,Summer,20
1996,ARM,Armenia,Summer,2
1996,AUS,Australia,Summer,132
1996,AUT,Austria,Summer,3
1996,AZE,Azerbaijan,Summer,1
1996,BAH,Bahamas,Summer,5
1996,BDI,Burundi,Summer,1
1996,BEL,Belgium,Summer,6
1996,BLR,Belarus,Summer,23
1996,BRA,Brazil,Summer,63
1996,BUL,Bulgaria,Summer,21
1996,CAN,Canada,Summer,50
1996,CHN,China,Summer,106
1996,CRC,Costa Rica,Summer,1
1996,CRO,Croatia,Summer,28
1996,CUB,Cuba,Summer,55
1996,CZE,Czechia,Summer,13
1996,DEN,Denmark,Summer,23
1996,ECU,Ecuador,Summer,1
1996,ESP,Spain,Summer,66
1996,ETH,Ethiopia,Summer,3
1996,FIN,Finland,Summer,4
1996,FRA,France,Summer,51
1996,GBR,Great Britain,Summer,26
1996,GEO,Georgia,Summer,2
1996,GER,Germany,Summer,124
1996,GRE,Greece,Summer,8
1996,HKG,Hong Kong,Summer,1
1996,HUN,Hungary,Summer,43
1996,INA,Indonesia,Summer,6
1996,IND,India,Summer,1
1996,IRI,Iran,Summer,3
1996,IRL,Ireland,Summer,4
1996,ISR,Israel,Summer,1
1996,ITA,Italy,Summer,71
1996,JAM,Jamaica,Summer,16
1996,JPN,Japan,Summer,42
1996,KAZ,Kazakhstan,Summer,11
1996,KEN,Kenya,Summer,8
1996,KOR,Korea,Summer,66
1996,LAT,Latvia,Summer,1
1996,LTU,Lithuania,Summer,11
1996,MAR,Morocco,Summer,2
1996,MAS,Malaysia,Summer,3
1996,MDA,Moldova,Summer,3
1996,MEX,Mexico,Summer,1
1996,MGL,Mongolia,Summer,1
1996,MOZ,Mozambique,Summer,1
1996,NAM,Namibia,Summer,2
1996,NED,Netherlands,Summer,73
1996,NGR,Nigeria,Summer,24
1996,NOR,Norway,Summer,23
1996,NZL,New Zealand,Summer,9
1996,PHI,Philippines,Summer,1
1996,POL,Poland,Summer,22
1996,POR,Portugal,Summer,3
1996,PRK,North Korea,Summer,5
1996,PUR,Puerto Rico,Summer,1
1996,ROU,Romania,Summer,38
1996,RSA,South Africa,Summer,5
1996,RUS,Russia,Summer,115
1996,SCG,Serbia and Montenegro,Summer,26
1996,SLO,Slovenia,Summer,2
1996,SUI,Switzerland,Summer,11
1996,SVK,Slovakia,Summer,3
1996,SWE,Sweden,Summer,31
1996,SYR,Syrian Arab Republic,Summer,1
1996,TGA,Tonga,Summer,1
1996,THA,Thailand,Summer,2
1996,TPE,Republic of China,Summer,1
1996,TTO,Trinidad and Tobago,Summer,2
1996,TUN,Tunisia,Summer,1
1996,TUR,Turkey,Summer,6
1996,UGA,Uganda,Summer,1
1996,UKR,Ukraine,Summer,34
1996,USA,United States,Summer,259
1996,UZB,Uzbekistan,Summer,2
1996,ZAM,Zambia,Summer,1
1998,AUS,Australia,Winter,1
1998,AUT,Austria,Winter,20
1998,BEL,Belgium,Winter,1
1998,BLR,Belarus,Winter,2
1998,BUL,Bulgaria,Winter,1
1998,CAN,Canada,Winter,49
1998,CHN,China,Winter,14
1998,CZE,Czechia,Winter,23
1998,DEN,Denmark,Winter,5
1998,FIN,Finland,Winter,58
1998,FRA,France,Winter,15
1998,GBR,Great Britain,Winter,4
1998,GER,Germany,Winter,44
1998,ITA,Italy,Winter,17
1998,JPN,Japan,Winter,13
1998,KAZ,Kazakhstan,Winter,2
1998,KOR,Korea,Winter,12
1998,NED,Netherlands,Winter,11
1998,NOR,Norway,Winter,40
1998,RUS,Russia,Winter,52
1998,SUI,Switzerland,Winter,14
1998,SWE,Sweden,Winter,7
1998,UKR,Ukraine,Winter,1
1998,USA,United States,Winter,34
2000,ALG,Algeria,Summer,5
2000,ARG,Argentina,Summer,20
2000,ARM,Armenia,Summer,1
2000,AUS,Australia,Summer,183
2000,AUT,Austria,Summer,4
2000,AZE,Azerbaijan,Summer,3
2000,BAH,Bahamas,Summer,11
2000,BAR,Barbados,Summer,1
2000,BEL,Belgium,Summer,7
2000,BLR,Belarus,Summer,22
2000,BRA,Brazil,Summer,48
2000,BUL,Bulgaria,Summer,13
2000,CAN,Canada,Summer,31
2000,CHI,Chile,Summer,17
2000,CHN,China,Summer,79
2000,CMR,Cameroon,Summer,18
2000,COL,Colombia,Summer,1
2000,CRC,Costa Rica,Summer,2
2000,CRO,Croatia,Summer,10
2000,CUB,Cuba,Summer,65
2000,CZE,Czechia,Summer,9
2000,DEN,Denmark,Summer,25
2000,ESP,Spain,Summer,42
2000,EST,Estonia,Summer,3
2000,ETH,Ethiopia,Summer,8
2000,FIN,Finland,Summer,5
2000,FRA,France,Summer,66
2000,GBR,Great Britain,Summer,54
2000,GEO,Georgia,Summer,6
2000,GER,Germany,Summer,118
2000,GRE,Greece,Summer,18
2000,HUN,Hungary,Summer,53
2000,INA,Indonesia,Summer,8
2000,IND,India,Summer,1
2000,IRI,Iran,Summer,4
2000,IRL,Ireland,Summer,1
2000,ISL,Iceland,Summer,1
2000,ISR,Israel,Summer,1
2000,ITA,Italy,Summer,65
2000,JAM,Jamaica,Summer,23
2000,JPN,Japan,Summer,44
2000,KAZ,Kazakhstan,Summer,7
2000,KEN,Kenya,Summer,7
2000,KGZ,Kyrgyzstan,Summer,1
2000,KOR,Korea,Summer,73
2000,KSA,Saudi Arabia,Summer,2
2000,KUW,Kuwait,Summer,1
2000,LAT,Latvia,Summer,3
2000,LTU,Lithuania,Summer,17
2000,MAR,Morocco,Summer,5
2000,MDA,Moldova,Summer,2
2000,MEX,Mexico,Summer,6
2000,MKD,Macedonia,Summer,1
2000,MOZ,Mozambique,Summer,1
2000,NED,Netherlands,Summer,79
2000,NGR,Nigeria,Summer,8
2000,NOR,Norway,Summer,43
2000,NZL,New Zealand,Summer,4
2000,POL,Poland,Summer,24
2000,POR,Portugal,Summer,2
2000,PRK,North Korea,Summer,4
2000,QAT,Qatar,Summer,1
2000,ROU,Romania,Summer,46
2000,RSA,South Africa,Summer,5
2000,RUS,Russia,Summer,187
2000,SCG,Serbia and Montenegro,Summer,25
2000,SLO,Slovenia,Summer,3
2000,SRI,Sri Lanka,Summer,1
2000,SUI,Switzerland,Summer,14
2000,SVK,Slovakia,Summer,6
2000,SWE,Sweden,Summer,32
2000,THA,Thailand,Summer,3
2000,TPE,Republic of China,Summer,5
2000,TTO,Trinidad and Tobago,Summer,2
2000,TUR,Turkey,Summer,5
2000,UKR,Ukraine,Summer,35
2000,URU,Uruguay,Summer,1
2000,USA,United States,Summer,242
2000,UZB,Uzbekistan,Summer,4
2000,VIE,Vietnam,Summer,1
2002,AUS,Australia,Winter,2
2002,AUT,Austria,Winter,20
2002,BLR,Belarus,Winter,1
2002,BUL,Bulgaria,Winter,3
2002,CAN,Canada,Winter,74
2002,CHN,China,Winter,16
2002,CRO,Croatia,Winter,4
2002,CZE,Czechia,Winter,3
2002,EST,Estonia,Winter,3
2002,FIN,Finland,Winter,13
2002,FRA,France,Winter,15
2002,GBR,Great Britain,Winter,6
2002,GER,Germany,Winter,61
2002,ITA,Italy,Winter,21
2002,JPN,Japan,Winter,2
2002,KOR,Korea,Winter,7
2002,NED,Netherlands,Winter,8
2002,NOR,Norway,Winter,41
2002,POL,Poland,Winter,2
2002,RUS,Russia,Winter,38
2002,SLO,Slovenia,Winter,4
2002,SUI,Switzerland,Winter,24
2002,SWE,Sweden,Winter,26
2002,USA,United States,Winter,84
2004,ARG,Argentina,Summer,49
2004,AUS,Australia,Summer,157
2004,AUT,Austria,Summer,8
2004,AZE,Azerbaijan,Summer,5
2004,BAH,Bahamas,Summer,2
2004,BEL,Belgium,Summer,3
2004,BLR,Belarus,Summer,15
2004,BRA,Brazil,Summer,40
2004,BUL,Bulgaria,Summer,17
2004,CAN,Canada,Summer,17
2004,CHI,Chile,Summer,4
2004,CHN,China,Summer,94
2004,CMR,Cameroon,Summer,1
2004,COL,Colombia,Summer,2
2004,CRO,Croatia,Summer,21
2004,CUB,Cuba,Summer,62
2004,CZE,Czechia,Summer,13
2004,DEN,Denmark,Summer,29
2004,DOM,Dominican Republic,Summer,1
2004,EGY,Egypt,Summer,5
2004,ERI,Eritrea,Summer,1
2004,ESP,Spain,Summer,30
2004,EST,Estonia,Summer,3
2004,ETH,Ethiopia,Summer,7
2004,FIN,Finland,Summer,2
2004,FRA,France,Summer,53
2004,GBR,Great Britain,Summer,57
2004,GEO,Georgia,Summer,4
2004,GER,Germany,Summer,149
2004,GRE,Greece,Summer,31
2004,HKG,Hong Kong,Summer,2
2004,HUN,Hungary,Summer,40
2004,INA,Indonesia,Summer,5
2004,IND,India,Summer,1
2004,IRI,Iran,Summer,6
2004,ISR,Israel,Summer,2
2004,ITA,Italy,Summer,104
2004,JAM,Jamaica,Summer,13
2004,JPN,Japan,Summer,93
2004,KAZ,Kazakhstan,Summer,8
2004,KEN,Kenya,Summer,7
2004,KOR,Korea,Summer,52
2004,LAT,Latvia,Summer,4
2004,LTU,Lithuania,Summer,3
2004,MAR,Morocco,Summer,3
2004,MEX,Mexico,Summer,4
2004,MGL,Mongolia,Summer,1
2004,NED,Netherlands,Summer,77
2004,NGR,Nigeria,Summer,8
2004,NOR,Norway,Summer,7
2004,NZL,New Zealand,Summer,6
2004,PAR,Paraguay,Summer,17
2004,POL,Poland,Summer,12
2004,POR,Portugal,Summer,3
2004,PRK,North Korea,Summer,5
2004,ROU,Romania,Summer,39
2004,RSA,South Africa,Summer,10
2004,RUS,Russia,Summer,189
2004,SCG,Serbia and Montenegro,Summer,13
2004,SLO,Slovenia,Summer,5
2004,SUI,Switzerland,Summer,7
2004,SVK,Slovakia,Summer,10
2004,SWE,Sweden,Summer,12
2004,SYR,Syrian Arab Republic,Summer,1
2004,THA,Thailand,Summer,8
2004,TPE,Republic of China,Summer,9
2004,TTO,Trinidad and Tobago,Summer,1
2004,TUR,Turkey,Summer,11
2004,UAE,United Arab Emirates,Summer,1
2004,UKR,Ukraine,Summer,47
2004,USA,United States,Summer,263
2004,UZB,Uzbekistan,Summer,5
2004,VEN,Venezuela,Summer,2
2004,ZIM,Zimbabwe,Summer,3
2006,AUS,Australia,Winter,2
2006,AUT,Austria,Winter,30
2006,BLR,Belarus,Winter,1
2006,BUL,Bulgaria,Winter,1
2006,CAN,Canada,Winter,69
2006,CHN,China,Winter,13
2006,CRO,Croatia,Winter,3
2006,CZE,Czechia,Winter,27
2006,EST,Estonia,Winter,3
2006,FIN,Finland,Winter,41
2006,FRA,France,Winter,15
2006,GBR,Great Britain,Winter,1
2006,GER,Germany,Winter,54
2006,ITA,Italy,Winter,25
2006,JPN,Japan,Winter,1
2006,KOR,Korea,Winter,19
2006,LAT,Latvia,Winter,1
2006,NED,Netherlands,Winter,13
2006,NOR,Norway,Winter,23
2006,POL,Poland,Winter,2
2006,RUS,Russia,Winter,41
2006,SUI,Switzerland,Winter,21
2006,SVK,Slovakia,Winter,1
2006,SWE,Sweden,Winter,64
2006,UKR,Ukraine,Winter,3
2006,USA,United States,Winter,52
2008,AFG,Afghanistan,Summer,1
2008,ALG,Algeria,Summer,2
2008,ARG,Argentina,Summer,51
2008,ARM,Armenia,Summer,6
2008,AUS,Australia,Summer,149
2008,AUT,Austria,Summer,3
2008,AZE,Azerbaijan,Summer,7
2008,BAH,Bahamas,Summer,7
2008,BEL,Belgium,Summer,5
2008,BLR,Belarus,Summer,29
2008,BRA,Brazil,Summer,78
2008,BUL,Bulgaria,Summer,5
2008,CAN,Canada,Summer,35
2008,CHI,Chile,Summer,1
2008,CHN,China,Summer,184
2008,CMR,Cameroon,Summer,1
2008,COL,Colombia,Summer,2
2008,CRO,Croatia,Summer,5
2008,CUB,Cuba,Summer,47
2008,CZE,Czechia,Summer,7
2008,DEN,Denmark,Summer,19
2008,DOM,Dominican Republic,Summer,2
2008,ECU,Ecuador,Summer,1
2008,EGY,Egypt,Summer,1
2008,ESP,Spain,Summer,70
2008,EST,Estonia,Summer,3
2008,ETH,Ethiopia,Summer,7
2008,FIN,Finland,Summer,5
2008,FRA,France,Summer,77
2008,GBR,Great Britain,Summer,81
2008,GEO,Georgia,Summer,6
2008,GER,Germany,Summer,99
2008,GRE,Greece,Summer,7
2008,HUN,Hungary,Summer,27
2008,INA,Indonesia,Summer,7
2008,IND,India,Summer,3
2008,IRI,Iran,Summer,2
2008,IRL,Ireland,Summer,3
2008,ISL,Iceland,Summer,14
2008,ISR,Israel,Summer,1
2008,ITA,Italy,Summer,42
2008,JAM,Jamaica,Summer,14
2008,JPN,Japan,Summer,51
2008,KAZ,Kazakhstan,Summer,13
2008,KEN,Kenya,Summer,15
2008,KGZ,Kyrgyzstan,Summer,2
2008,KOR,Korea,Summer,78
2008,LAT,Latvia,Summer,3
2008,LTU,Lithuania,Summer,5
2008,MAR,Morocco,Summer,2
2008,MAS,Malaysia,Summer,1
2008,MDA,Moldova,Summer,1
2008,MEX,Mexico,Summer,4
2008,MGL,Mongolia,Summer,4
2008,MRI,Mauritius,Summer,1
2008,NED,Netherlands,Summer,61
2008,NGR,Nigeria,Summer,23
2008,NOR,Norway,Summer,22
2008,NZL,New Zealand,Summer,15
2008,PAN,Panama,Summer,1
2008,POL,Poland,Summer,20
2008,POR,Portugal,Summer,2
2008,PRK,North Korea,Summer,6
2008,ROU,Romania,Summer,22
2008,RSA,South Africa,Summer,1
2008,RUS,Russia,Summer,142
2008,SGP,Singapore,Summer,3
2008,SLO,Slovenia,Summer,5
2008,SRB,Serbia,Summer,15
2008,SUD,Sudan,Summer,1
2008,SUI,Switzerland,Summer,11
2008,SVK,Slovakia,Summer,10
2008,SWE,Sweden,Summer,7
2008,THA,Thailand,Summer,4
2008,TJK,Tajikistan,Summer,2
2008,TOG,Togo,Summer,1
2008,TPE,Republic of China,Summer,4
2008,TTO,Trinidad and Tobago,Summer,6
2008,TUN,Tunisia,Summer,1
2008,TUR,Turkey,Summer,7
2008,UKR,Ukraine,Summer,31
2008,USA,United States,Summer,317
2008,UZB,Uzbekistan,Summer,6
2008,VEN,Venezuela,Summer,1
2008,VIE,Vietnam,Summer,1
2008,ZIM,Zimbabwe,Summer,4
2010,AUS,Australia,Winter,3
2010,AUT,Austria,Winter,26
2010,BLR,Belarus,Winter,3
2010,CAN,Canada,Winter,90
2010,CHN,China,Winter,19
2010,CRO,Croatia,Winter,3
2010,CZE,Czechia,Winter,9
2010,EST,Estonia,Winter,1
2010,FIN,Finland,Winter,47
2010,FRA,France,Winter,14
2010,GBR,Great Britain,Winter,1
2010,GER,Germany,Winter,54
2010,ITA,Italy,Winter,5
2010,JPN,Japan,Winter,7
2010,KAZ,Kazakhstan,Winter,1
2010,KOR,Korea,Winter,18
2010,LAT,Latvia,Winter,3
2010,NED,Netherlands,Winter,11
2010,NOR,Norway,Winter,39
2010,POL,Poland,Winter,8
2010,RUS,Russia,Winter,25
2010,SLO,Slovenia,Winter,3
2010,SUI,Switzerland,Winter,12
2010,SVK,Slovakia,Winter,3
2010,SWE,Sweden,Winter,18
2010,USA,United States,Winter,97
2012,AFG,Afghanistan,Summer,1
2012,ALG,Algeria,Summer,1
2012,ARG,Argentina,Summer,19
2012,ARM,Armenia,Summer,3
2012,AUS,Australia,Summer,114
2012,AZE,Azerbaijan,Summer,10
2012,BAH,Bahamas,Summer,4
2012,BEL,Belgium,Summer,3
2012,BLR,Belarus,Summer,23
2012,BOT,Botswana,Summer,1
2012,BRA,Brazil,Summer,59
2012,BRN,Bahrain,Summer,1
2012,BUL,Bulgaria,Summer,2
2012,CAN,Canada,Summer,55
2012,CHN,China,Summer,125
2012,COL,Colombia,Summer,8
2012,CRO,Croatia,Summer,35
2012,CUB,Cuba,Summer,14
2012,CYP,Cyprus,Summer,1
2012,CZE,Czechia,Summer,14
2012,DEN,Denmark,Summer,16
2012,DOM,Dominican Republic,Summer,2
2012,EGY,Egypt,Summer,2
2012,ESP,Spain,Summer,63
2012,EST,Estonia,Summer,2
2012,ETH,Ethiopia,Summer,7
2012,FIN,Finland,Summer,5
2012,FRA,France,Summer,82
2012,GAB,Gabon,Summer,1
2012,GBR,Great Britain,Summer,126
2012,GEO,Georgia,Summer,7
2012,GER,Germany,Summer,94
2012,GRE,Greece,Summer,3
2012,GRN,Grenada,Summer,1
2012,GUA,Guatemala,Summer,1
2012,HKG,Hong Kong,Summer,1
2012,HUN,Hungary,Summer,26
2012,INA,Indonesia,Summer,2
2012,IND,India,Summer,6
2012,IRI,Iran,Summer,12
2012,IRL,Ireland,Summer,5
2012,ITA,Italy,Summer,68
2012,JAM,Jamaica,Summer,25
2012,JPN,Japan,Summer,84
2012,KAZ,Kazakhstan,Summer,13
2012,KEN,Kenya,Summer,11
2012,KOR,Korea,Summer,61
2012,KSA,Saudi Arabia,Summer,4
2012,KUW,Kuwait,Summer,1
2012,LAT,Latvia,Summer,3
2012,LTU,Lithuania,Summer,5
2012,MAR,Morocco,Summer,1
2012,MAS,Malaysia,Summer,2
2012,MDA,Moldova,Summer,2
2012,MEX,Mexico,Summer,24
2012,MGL,Mongolia,Summer,5
2012,MNE,Montenegro,Summer,14
2012,NED,Netherlands,Summer,69
2012,NOR,Norway,Summer,17
2012,NZL,New Zealand,Summer,27
2012,POL,Poland,Summer,12
2012,POR,Portugal,Summer,2
2012,PRK,North Korea,Summer,6
2012,PUR,Puerto Rico,Summer,2
2012,QAT,Qatar,Summer,2
2012,ROU,Romania,Summer,16
2012,RSA,South Africa,Summer,9
2012,RUS,Russia,Summer,140
2012,SGP,Singapore,Summer,4
2012,SLO,Slovenia,Summer,5
2012,SRB,Serbia,Summer,16
2012,SUI,Switzerland,Summer,4
2012,SVK,Slovakia,Summer,5
2012,SWE,Sweden,Summer,22
2012,THA,Thailand,Summer,3
2012,TJK,Tajikistan,Summer,1
2012,TPE,Republic of China,Summer,2
2012,TTO,Trinidad and Tobago,Summer,10
2012,TUN,Tunisia,Summer,3
2012,TUR,Turkey,Summer,5
2012,UGA,Uganda,Summer,1
2012,UKR,Ukraine,Summer,26
2012,USA,United States,Summer,248
2012,UZB,Uzbekistan,Summer,3
2012,VEN,Venezuela,Summer,1
2014,AUS,Australia,Winter,3
2014,AUT,Austria,Winter,27
2014,BLR,Belarus,Winter,6
2014,CAN,Canada,Winter,86
2014,CHN,China,Winter,12
2014,CRO,Croatia,Winter,1
2014,CZE,Czechia,Winter,11
2014,FIN,Finland,Winter,33
2014,FRA,France,Winter,18
2014,GBR,Great Britain,Winter,10
2014,GER,Germany,Winter,36
2014,ITA,Italy,Winter,14
2014,JPN,Japan,Winter,11
2014,KAZ,Kazakhstan,Winter,1
2014,KOR,Korea,Winter,14
2014,LAT,Latvia,Winter,11
2014,NED,Netherlands,Winter,29
2014,NOR,Norway,Winter,36
2014,POL,Poland,Winter,11
2014,RUS,Russia,Winter,68
2014,SLO,Slovenia,Winter,8
2014,SUI,Switzerland,Winter,30
2014,SVK,Slovakia,Winter,1
2014,SWE,Sweden,Winter,51
2014,UKR,Ukraine,Winter,5
2014,USA,United States,Winter,64
2016,ALG,Algeria,Summer,2
2016,ARG,Argentina,Summer,22
2016,ARM,Armenia,Summer,4
2016,AUS,Australia,Summer,82
2016,AUT,Austria,Summer,2
2016,AZE,Azerbaijan,Summer,18
2016,BAH,Bahamas,Summer,6
2016,BDI,Burundi,Summer,1
2016,BEL,Belgium,Summer,21
2016,BLR,Belarus,Summer,12
2016,BRA,Brazil,Summer,50
2016,BRN,Bahrain,Summer,2
2016,BUL,Bulgaria,Summer,7
2016,CAN,Canada,Summer,69
2016,CHN,China,Summer,113
2016,CIV,Côte d'Ivoire,Summer,2
2016,COL,Colombia,Summer,8
2016,CRO,Croatia,Summer,24
2016,CUB,Cuba,Summer,11
2016,CZE,Czechia,Summer,15
2016,DEN,Denmark,Summer,41
2016,DOM,Dominican Republic,Summer,1
2016,EGY,Egypt,Summer,3
2016,ESP,Spain,Summer,45
2016,EST,Estonia,Summer,4
2016,ETH,Ethiopia,Summer,8
2016,FIJ,Fiji,Summer,13
2016,FIN,Finland,Summer,1
2016,FRA,France,Summer,96
2016,GBR,Great Britain,Summer,145
2016,GEO,Georgia,Summer,7
2016,GER,Germany,Summer,159
2016,GRE,Greece,Summer,7
2016,GRN,Grenada,Summer,1
2016,HUN,Hungary,Summer,22
2016,INA,Indonesia,Summer,4
2016,IND,India,Summer,2
2016,IOA,Individual,Summer,2
2016,IRI,Iran,Summer,8
2016,IRL,Ireland,Summer,3
2016,ISR,Israel,Summer,2
2016,ITA,Italy,Summer,72
2016,JAM,Jamaica,Summer,30
2016,JOR,Jordan,Summer,1
2016,JPN,Japan,Summer,64
2016,KAZ,Kazakhstan,Summer,18
2016,KEN,Kenya,Summer,13
2016,KOR,Korea,Summer,26
2016,LTU,Lithuania,Summer,7
2016,MAR,Morocco,Summer,1
2016,MAS,Malaysia,Summer,8
2016,MEX,Mexico,Summer,5
2016,MGL,Mongolia,Summer,2
2016,NED,Netherlands,Summer,47
2016,NGR,Nigeria,Summer,18
2016,NIG,Nicaragua,Summer,1
2016,NOR,Norway,Summer,19
2016,NZL,New Zealand,Summer,36
2016,PHI,Philippines,Summer,1
2016,POL,Poland,Summer,16
2016,POR,Portugal,Summer,1
2016,PRK,North Korea,Summer,7
2016,PUR,Puerto Rico,Summer,1
2016,QAT,Qatar,Summer,1
2016,ROU,Romania,Summer,16
2016,RSA,South Africa,Summer,23
2016,RUS,Russia,Summer,115
2016,SGP,Singapore,Summer,1
2016,SLO,Slovenia,Summer,4
2016,SRB,Serbia,Summer,54
2016,SUI,Switzerland,Summer,11
2016,SVK,Slovakia,Summer,8
2016,SWE,Sweden,Summer,28
2016,THA,Thailand,Summer,6
2016,TJK,Tajikistan,Summer,1
2016,TPE,Republic of China,Summer,5
2016,TTO,Trinidad and Tobago,Summer,1
2016,TUN,Tunisia,Summer,3
2016,TUR,Turkey,Summer,8
2016,UAE,United Arab Emirates,Summer,1
2016,UKR,Ukraine,Summer,15
2016,USA,United States,Summer,264
2016,UZB,Uzbekistan,Summer,13
2016,VEN,Venezuela,Summer,3
2016,VIE,Vietnam,Summer,2
